ID,Category,Title,Learning_Objective,Suggested_Activity,Code_Template,Source,Difficulty,Estimated_Time_Min
1,Self-Advocacy: Medical,Self-Advocacy: Medical — Lesson 1,"Learn/apply: Scripts for doctors, therapists, and medical staff; documenting concerns; requesting accommodations.","Micro-lesson + practice: role-play/script, 2-minute log, or checklist.",spaced_repetition.py,Self_Advocacy_Scripts_Medical.docx,Medium,10
2,Self-Advocacy: Medical,Self-Advocacy: Medical — Lesson 2,"Learn/apply: Scripts for doctors, therapists, and medical staff; documenting concerns; requesting accommodations.","Micro-lesson + practice: role-play/script, 2-minute log, or checklist.",habit_tracker.py,Self_Advocacy_Scripts_Medical.docx,Medium,15
3,Self-Advocacy: Medical,Self-Advocacy: Medical — Lesson 3,"Learn/apply: Scripts for doctors, therapists, and medical staff; documenting concerns; requesting accommodations.","Micro-lesson + practice: role-play/script, 2-minute log, or checklist.",symptom_tracker_flask.py,Self_Advocacy_Scripts_Medical.docx,Hard,20
4,Self-Advocacy: Medical,Self-Advocacy: Medical — Lesson 4,"Learn/apply: Scripts for doctors, therapists, and medical staff; documenting concerns; requesting accommodations.","Micro-lesson + practice: role-play/script, 2-minute log, or checklist.",sms_reminder.py,Self_Advocacy_Scripts_Medical.docx,Easy,25
5,Self-Advocacy: Medical,Self-Advocacy: Medical — Lesson 5,"Learn/apply: Scripts for doctors, therapists, and medical staff; documenting concerns; requesting accommodations.","Micro-lesson + practice: role-play/script, 2-minute log, or checklist.",notion_sync_stub.py,Self_Advocacy_Scripts_Medical.docx,Medium,5
6,Self-Advocacy: Medical,Self-Advocacy: Medical — Lesson 6,"Learn/apply: Scripts for doctors, therapists, and medical staff; documenting concerns; requesting accommodations.","Micro-lesson + practice: role-play/script, 2-minute log, or checklist.",google_sheets_export.py,Self_Advocacy_Scripts_Medical.docx,Medium,10
7,Self-Advocacy: Medical,Self-Advocacy: Medical — Lesson 7,"Learn/apply: Scripts for doctors, therapists, and medical staff; documenting concerns; requesting accommodations.","Micro-lesson + practice: role-play/script, 2-minute log, or checklist.",progress_chart.py,Self_Advocacy_Scripts_Medical.docx,Hard,15
8,Self-Advocacy: Medical,Self-Advocacy: Medical — Lesson 8,"Learn/apply: Scripts for doctors, therapists, and medical staff; documenting concerns; requesting accommodations.","Micro-lesson + practice: role-play/script, 2-minute log, or checklist.",telegram_bot.py,Self_Advocacy_Scripts_Medical.docx,Easy,20
9,Self-Advocacy: Medical,Self-Advocacy: Medical — Lesson 9,"Learn/apply: Scripts for doctors, therapists, and medical staff; documenting concerns; requesting accommodations.","Micro-lesson + practice: role-play/script, 2-minute log, or checklist.",daily_digest.py,Self_Advocacy_Scripts_Medical.docx,Medium,25
10,Self-Advocacy: Medical,Self-Advocacy: Medical — Lesson 10,"Learn/apply: Scripts for doctors, therapists, and medical staff; documenting concerns; requesting accommodations.","Micro-lesson + practice: role-play/script, 2-minute log, or checklist.",quiz_cli.py,Self_Advocacy_Scripts_Medical.docx,Medium,5
11,Self-Advocacy: Medical,Self-Advocacy: Medical — Lesson 11,"Learn/apply: Scripts for doctors, therapists, and medical staff; documenting concerns; requesting accommodations.","Micro-lesson + practice: role-play/script, 2-minute log, or checklist.",spaced_repetition.py,Self_Advocacy_Scripts_Medical.docx,Hard,10
12,Self-Advocacy: Medical,Self-Advocacy: Medical — Lesson 12,"Learn/apply: Scripts for doctors, therapists, and medical staff; documenting concerns; requesting accommodations.","Micro-lesson + practice: role-play/script, 2-minute log, or checklist.",habit_tracker.py,Self_Advocacy_Scripts_Medical.docx,Easy,15
13,Self-Advocacy: Systems,Self-Advocacy: Systems — Lesson 1,"Learn/apply: Scripts for insurance, disability hearings, grants, lawyers, and trusts.","Micro-lesson + practice: role-play/script, 2-minute log, or checklist.",symptom_tracker_flask.py,Self_Advocacy_Scripts_Systems.docx,Medium,20
14,Self-Advocacy: Systems,Self-Advocacy: Systems — Lesson 2,"Learn/apply: Scripts for insurance, disability hearings, grants, lawyers, and trusts.","Micro-lesson + practice: role-play/script, 2-minute log, or checklist.",sms_reminder.py,Self_Advocacy_Scripts_Systems.docx,Medium,25
15,Self-Advocacy: Systems,Self-Advocacy: Systems — Lesson 3,"Learn/apply: Scripts for insurance, disability hearings, grants, lawyers, and trusts.","Micro-lesson + practice: role-play/script, 2-minute log, or checklist.",notion_sync_stub.py,Self_Advocacy_Scripts_Systems.docx,Hard,5
16,Self-Advocacy: Systems,Self-Advocacy: Systems — Lesson 4,"Learn/apply: Scripts for insurance, disability hearings, grants, lawyers, and trusts.","Micro-lesson + practice: role-play/script, 2-minute log, or checklist.",google_sheets_export.py,Self_Advocacy_Scripts_Systems.docx,Easy,10
17,Self-Advocacy: Systems,Self-Advocacy: Systems — Lesson 5,"Learn/apply: Scripts for insurance, disability hearings, grants, lawyers, and trusts.","Micro-lesson + practice: role-play/script, 2-minute log, or checklist.",progress_chart.py,Self_Advocacy_Scripts_Systems.docx,Medium,15
18,Self-Advocacy: Systems,Self-Advocacy: Systems — Lesson 6,"Learn/apply: Scripts for insurance, disability hearings, grants, lawyers, and trusts.","Micro-lesson + practice: role-play/script, 2-minute log, or checklist.",telegram_bot.py,Self_Advocacy_Scripts_Systems.docx,Medium,20
19,Self-Advocacy: Systems,Self-Advocacy: Systems — Lesson 7,"Learn/apply: Scripts for insurance, disability hearings, grants, lawyers, and trusts.","Micro-lesson + practice: role-play/script, 2-minute log, or checklist.",daily_digest.py,Self_Advocacy_Scripts_Systems.docx,Hard,25
20,Self-Advocacy: Systems,Self-Advocacy: Systems — Lesson 8,"Learn/apply: Scripts for insurance, disability hearings, grants, lawyers, and trusts.","Micro-lesson + practice: role-play/script, 2-minute log, or checklist.",quiz_cli.py,Self_Advocacy_Scripts_Systems.docx,Easy,5
21,Self-Advocacy: Systems,Self-Advocacy: Systems — Lesson 9,"Learn/apply: Scripts for insurance, disability hearings, grants, lawyers, and trusts.","Micro-lesson + practice: role-play/script, 2-minute log, or checklist.",spaced_repetition.py,Self_Advocacy_Scripts_Systems.docx,Medium,10
22,Self-Advocacy: Systems,Self-Advocacy: Systems — Lesson 10,"Learn/apply: Scripts for insurance, disability hearings, grants, lawyers, and trusts.","Micro-lesson + practice: role-play/script, 2-minute log, or checklist.",habit_tracker.py,Self_Advocacy_Scripts_Systems.docx,Medium,15
23,Self-Advocacy: Systems,Self-Advocacy: Systems — Lesson 11,"Learn/apply: Scripts for insurance, disability hearings, grants, lawyers, and trusts.","Micro-lesson + practice: role-play/script, 2-minute log, or checklist.",symptom_tracker_flask.py,Self_Advocacy_Scripts_Systems.docx,Hard,20
24,Self-Advocacy: Systems,Self-Advocacy: Systems — Lesson 12,"Learn/apply: Scripts for insurance, disability hearings, grants, lawyers, and trusts.","Micro-lesson + practice: role-play/script, 2-minute log, or checklist.",sms_reminder.py,Self_Advocacy_Scripts_Systems.docx,Easy,25
25,Self-Advocacy: Family,Self-Advocacy: Family — Lesson 1,Learn/apply: Scripts for mom/relatives—gratitude + boundaries without guilt.,"Micro-lesson + practice: role-play/script, 2-minute log, or checklist.",notion_sync_stub.py,Self_Advocacy_Scripts_Family.docx,Medium,5
26,Self-Advocacy: Family,Self-Advocacy: Family — Lesson 2,Learn/apply: Scripts for mom/relatives—gratitude + boundaries without guilt.,"Micro-lesson + practice: role-play/script, 2-minute log, or checklist.",google_sheets_export.py,Self_Advocacy_Scripts_Family.docx,Medium,10
27,Self-Advocacy: Family,Self-Advocacy: Family — Lesson 3,Learn/apply: Scripts for mom/relatives—gratitude + boundaries without guilt.,"Micro-lesson + practice: role-play/script, 2-minute log, or checklist.",progress_chart.py,Self_Advocacy_Scripts_Family.docx,Hard,15
28,Self-Advocacy: Family,Self-Advocacy: Family — Lesson 4,Learn/apply: Scripts for mom/relatives—gratitude + boundaries without guilt.,"Micro-lesson + practice: role-play/script, 2-minute log, or checklist.",telegram_bot.py,Self_Advocacy_Scripts_Family.docx,Easy,20
29,Self-Advocacy: Family,Self-Advocacy: Family — Lesson 5,Learn/apply: Scripts for mom/relatives—gratitude + boundaries without guilt.,"Micro-lesson + practice: role-play/script, 2-minute log, or checklist.",daily_digest.py,Self_Advocacy_Scripts_Family.docx,Medium,25
30,Self-Advocacy: Family,Self-Advocacy: Family — Lesson 6,Learn/apply: Scripts for mom/relatives—gratitude + boundaries without guilt.,"Micro-lesson + practice: role-play/script, 2-minute log, or checklist.",quiz_cli.py,Self_Advocacy_Scripts_Family.docx,Medium,5
31,Self-Advocacy: Family,Self-Advocacy: Family — Lesson 7,Learn/apply: Scripts for mom/relatives—gratitude + boundaries without guilt.,"Micro-lesson + practice: role-play/script, 2-minute log, or checklist.",spaced_repetition.py,Self_Advocacy_Scripts_Family.docx,Hard,10
32,Self-Advocacy: Family,Self-Advocacy: Family — Lesson 8,Learn/apply: Scripts for mom/relatives—gratitude + boundaries without guilt.,"Micro-lesson + practice: role-play/script, 2-minute log, or checklist.",habit_tracker.py,Self_Advocacy_Scripts_Family.docx,Easy,15
33,Self-Advocacy: Family,Self-Advocacy: Family — Lesson 9,Learn/apply: Scripts for mom/relatives—gratitude + boundaries without guilt.,"Micro-lesson + practice: role-play/script, 2-minute log, or checklist.",symptom_tracker_flask.py,Self_Advocacy_Scripts_Family.docx,Medium,20
34,Self-Advocacy: Family,Self-Advocacy: Family — Lesson 10,Learn/apply: Scripts for mom/relatives—gratitude + boundaries without guilt.,"Micro-lesson + practice: role-play/script, 2-minute log, or checklist.",sms_reminder.py,Self_Advocacy_Scripts_Family.docx,Medium,25
35,Self-Advocacy: Family,Self-Advocacy: Family — Lesson 11,Learn/apply: Scripts for mom/relatives—gratitude + boundaries without guilt.,"Micro-lesson + practice: role-play/script, 2-minute log, or checklist.",notion_sync_stub.py,Self_Advocacy_Scripts_Family.docx,Hard,5
36,Self-Advocacy: Family,Self-Advocacy: Family — Lesson 12,Learn/apply: Scripts for mom/relatives—gratitude + boundaries without guilt.,"Micro-lesson + practice: role-play/script, 2-minute log, or checklist.",google_sheets_export.py,Self_Advocacy_Scripts_Family.docx,Easy,10
37,Self-Advocacy: Daily Life,Self-Advocacy: Daily Life — Lesson 1,"Learn/apply: Scripts for drivers, friends, new acquaintances; low-stress requests; boundaries.","Micro-lesson + practice: role-play/script, 2-minute log, or checklist.",progress_chart.py,Self_Advocacy_Scripts_Daily.docx,Medium,15
38,Self-Advocacy: Daily Life,Self-Advocacy: Daily Life — Lesson 2,"Learn/apply: Scripts for drivers, friends, new acquaintances; low-stress requests; boundaries.","Micro-lesson + practice: role-play/script, 2-minute log, or checklist.",telegram_bot.py,Self_Advocacy_Scripts_Daily.docx,Medium,20
39,Self-Advocacy: Daily Life,Self-Advocacy: Daily Life — Lesson 3,"Learn/apply: Scripts for drivers, friends, new acquaintances; low-stress requests; boundaries.","Micro-lesson + practice: role-play/script, 2-minute log, or checklist.",daily_digest.py,Self_Advocacy_Scripts_Daily.docx,Hard,25
40,Self-Advocacy: Daily Life,Self-Advocacy: Daily Life — Lesson 4,"Learn/apply: Scripts for drivers, friends, new acquaintances; low-stress requests; boundaries.","Micro-lesson + practice: role-play/script, 2-minute log, or checklist.",quiz_cli.py,Self_Advocacy_Scripts_Daily.docx,Easy,5
41,Self-Advocacy: Daily Life,Self-Advocacy: Daily Life — Lesson 5,"Learn/apply: Scripts for drivers, friends, new acquaintances; low-stress requests; boundaries.","Micro-lesson + practice: role-play/script, 2-minute log, or checklist.",spaced_repetition.py,Self_Advocacy_Scripts_Daily.docx,Medium,10
42,Self-Advocacy: Daily Life,Self-Advocacy: Daily Life — Lesson 6,"Learn/apply: Scripts for drivers, friends, new acquaintances; low-stress requests; boundaries.","Micro-lesson + practice: role-play/script, 2-minute log, or checklist.",habit_tracker.py,Self_Advocacy_Scripts_Daily.docx,Medium,15
43,Self-Advocacy: Daily Life,Self-Advocacy: Daily Life — Lesson 7,"Learn/apply: Scripts for drivers, friends, new acquaintances; low-stress requests; boundaries.","Micro-lesson + practice: role-play/script, 2-minute log, or checklist.",symptom_tracker_flask.py,Self_Advocacy_Scripts_Daily.docx,Hard,20
44,Self-Advocacy: Daily Life,Self-Advocacy: Daily Life — Lesson 8,"Learn/apply: Scripts for drivers, friends, new acquaintances; low-stress requests; boundaries.","Micro-lesson + practice: role-play/script, 2-minute log, or checklist.",sms_reminder.py,Self_Advocacy_Scripts_Daily.docx,Easy,25
45,Self-Advocacy: Daily Life,Self-Advocacy: Daily Life — Lesson 9,"Learn/apply: Scripts for drivers, friends, new acquaintances; low-stress requests; boundaries.","Micro-lesson + practice: role-play/script, 2-minute log, or checklist.",notion_sync_stub.py,Self_Advocacy_Scripts_Daily.docx,Medium,5
46,Self-Advocacy: Daily Life,Self-Advocacy: Daily Life — Lesson 10,"Learn/apply: Scripts for drivers, friends, new acquaintances; low-stress requests; boundaries.","Micro-lesson + practice: role-play/script, 2-minute log, or checklist.",google_sheets_export.py,Self_Advocacy_Scripts_Daily.docx,Medium,10
47,Self-Advocacy: Daily Life,Self-Advocacy: Daily Life — Lesson 11,"Learn/apply: Scripts for drivers, friends, new acquaintances; low-stress requests; boundaries.","Micro-lesson + practice: role-play/script, 2-minute log, or checklist.",progress_chart.py,Self_Advocacy_Scripts_Daily.docx,Hard,15
48,Self-Advocacy: Daily Life,Self-Advocacy: Daily Life — Lesson 12,"Learn/apply: Scripts for drivers, friends, new acquaintances; low-stress requests; boundaries.","Micro-lesson + practice: role-play/script, 2-minute log, or checklist.",telegram_bot.py,Self_Advocacy_Scripts_Daily.docx,Easy,20
49,Self-Advocacy: Community,Self-Advocacy: Community — Lesson 1,Learn/apply: Scripts for activism groups and new partners; access and consent.,"Micro-lesson + practice: role-play/script, 2-minute log, or checklist.",daily_digest.py,Self_Advocacy_Scripts_Community.docx,Medium,25
50,Self-Advocacy: Community,Self-Advocacy: Community — Lesson 2,Learn/apply: Scripts for activism groups and new partners; access and consent.,"Micro-lesson + practice: role-play/script, 2-minute log, or checklist.",quiz_cli.py,Self_Advocacy_Scripts_Community.docx,Medium,5
51,Self-Advocacy: Community,Self-Advocacy: Community — Lesson 3,Learn/apply: Scripts for activism groups and new partners; access and consent.,"Micro-lesson + practice: role-play/script, 2-minute log, or checklist.",spaced_repetition.py,Self_Advocacy_Scripts_Community.docx,Hard,10
52,Self-Advocacy: Community,Self-Advocacy: Community — Lesson 4,Learn/apply: Scripts for activism groups and new partners; access and consent.,"Micro-lesson + practice: role-play/script, 2-minute log, or checklist.",habit_tracker.py,Self_Advocacy_Scripts_Community.docx,Easy,15
53,Self-Advocacy: Community,Self-Advocacy: Community — Lesson 5,Learn/apply: Scripts for activism groups and new partners; access and consent.,"Micro-lesson + practice: role-play/script, 2-minute log, or checklist.",symptom_tracker_flask.py,Self_Advocacy_Scripts_Community.docx,Medium,20
54,Self-Advocacy: Community,Self-Advocacy: Community — Lesson 6,Learn/apply: Scripts for activism groups and new partners; access and consent.,"Micro-lesson + practice: role-play/script, 2-minute log, or checklist.",sms_reminder.py,Self_Advocacy_Scripts_Community.docx,Medium,25
55,Self-Advocacy: Community,Self-Advocacy: Community — Lesson 7,Learn/apply: Scripts for activism groups and new partners; access and consent.,"Micro-lesson + practice: role-play/script, 2-minute log, or checklist.",notion_sync_stub.py,Self_Advocacy_Scripts_Community.docx,Hard,5
56,Self-Advocacy: Community,Self-Advocacy: Community — Lesson 8,Learn/apply: Scripts for activism groups and new partners; access and consent.,"Micro-lesson + practice: role-play/script, 2-minute log, or checklist.",google_sheets_export.py,Self_Advocacy_Scripts_Community.docx,Easy,10
57,Self-Advocacy: Community,Self-Advocacy: Community — Lesson 9,Learn/apply: Scripts for activism groups and new partners; access and consent.,"Micro-lesson + practice: role-play/script, 2-minute log, or checklist.",progress_chart.py,Self_Advocacy_Scripts_Community.docx,Medium,15
58,Self-Advocacy: Community,Self-Advocacy: Community — Lesson 10,Learn/apply: Scripts for activism groups and new partners; access and consent.,"Micro-lesson + practice: role-play/script, 2-minute log, or checklist.",telegram_bot.py,Self_Advocacy_Scripts_Community.docx,Medium,20
59,Self-Advocacy: Community,Self-Advocacy: Community — Lesson 11,Learn/apply: Scripts for activism groups and new partners; access and consent.,"Micro-lesson + practice: role-play/script, 2-minute log, or checklist.",daily_digest.py,Self_Advocacy_Scripts_Community.docx,Hard,25
60,Self-Advocacy: Community,Self-Advocacy: Community — Lesson 12,Learn/apply: Scripts for activism groups and new partners; access and consent.,"Micro-lesson + practice: role-play/script, 2-minute log, or checklist.",quiz_cli.py,Self_Advocacy_Scripts_Community.docx,Easy,5
61,Support: Partners (Da’Veon & Quincy),Support: Partners (Da’Veon & Quincy) — Lesson 1,"Learn/apply: Emotional care, medical support, relationship balance, fun, partner notes.","Micro-lesson + practice: role-play/script, 2-minute log, or checklist.",spaced_repetition.py,Support_Me_Handbook.docx,Medium,10
62,Support: Partners (Da’Veon & Quincy),Support: Partners (Da’Veon & Quincy) — Lesson 2,"Learn/apply: Emotional care, medical support, relationship balance, fun, partner notes.","Micro-lesson + practice: role-play/script, 2-minute log, or checklist.",habit_tracker.py,Support_Me_Handbook.docx,Medium,15
63,Support: Partners (Da’Veon & Quincy),Support: Partners (Da’Veon & Quincy) — Lesson 3,"Learn/apply: Emotional care, medical support, relationship balance, fun, partner notes.","Micro-lesson + practice: role-play/script, 2-minute log, or checklist.",symptom_tracker_flask.py,Support_Me_Handbook.docx,Hard,20
64,Support: Partners (Da’Veon & Quincy),Support: Partners (Da’Veon & Quincy) — Lesson 4,"Learn/apply: Emotional care, medical support, relationship balance, fun, partner notes.","Micro-lesson + practice: role-play/script, 2-minute log, or checklist.",sms_reminder.py,Support_Me_Handbook.docx,Easy,25
65,Support: Partners (Da’Veon & Quincy),Support: Partners (Da’Veon & Quincy) — Lesson 5,"Learn/apply: Emotional care, medical support, relationship balance, fun, partner notes.","Micro-lesson + practice: role-play/script, 2-minute log, or checklist.",notion_sync_stub.py,Support_Me_Handbook.docx,Medium,5
66,Support: Partners (Da’Veon & Quincy),Support: Partners (Da’Veon & Quincy) — Lesson 6,"Learn/apply: Emotional care, medical support, relationship balance, fun, partner notes.","Micro-lesson + practice: role-play/script, 2-minute log, or checklist.",google_sheets_export.py,Support_Me_Handbook.docx,Medium,10
67,Support: Partners (Da’Veon & Quincy),Support: Partners (Da’Veon & Quincy) — Lesson 7,"Learn/apply: Emotional care, medical support, relationship balance, fun, partner notes.","Micro-lesson + practice: role-play/script, 2-minute log, or checklist.",progress_chart.py,Support_Me_Handbook.docx,Hard,15
68,Support: Partners (Da’Veon & Quincy),Support: Partners (Da’Veon & Quincy) — Lesson 8,"Learn/apply: Emotional care, medical support, relationship balance, fun, partner notes.","Micro-lesson + practice: role-play/script, 2-minute log, or checklist.",telegram_bot.py,Support_Me_Handbook.docx,Easy,20
69,Support: Partners (Da’Veon & Quincy),Support: Partners (Da’Veon & Quincy) — Lesson 9,"Learn/apply: Emotional care, medical support, relationship balance, fun, partner notes.","Micro-lesson + practice: role-play/script, 2-minute log, or checklist.",daily_digest.py,Support_Me_Handbook.docx,Medium,25
70,Support: Partners (Da’Veon & Quincy),Support: Partners (Da’Veon & Quincy) — Lesson 10,"Learn/apply: Emotional care, medical support, relationship balance, fun, partner notes.","Micro-lesson + practice: role-play/script, 2-minute log, or checklist.",quiz_cli.py,Support_Me_Handbook.docx,Medium,5
71,Support: Partners (Da’Veon & Quincy),Support: Partners (Da’Veon & Quincy) — Lesson 11,"Learn/apply: Emotional care, medical support, relationship balance, fun, partner notes.","Micro-lesson + practice: role-play/script, 2-minute log, or checklist.",spaced_repetition.py,Support_Me_Handbook.docx,Hard,10
72,Support: Partners (Da’Veon & Quincy),Support: Partners (Da’Veon & Quincy) — Lesson 12,"Learn/apply: Emotional care, medical support, relationship balance, fun, partner notes.","Micro-lesson + practice: role-play/script, 2-minute log, or checklist.",habit_tracker.py,Support_Me_Handbook.docx,Easy,15
73,Support: Da’Veon,Support: Da’Veon — Lesson 1,"Learn/apply: Appointment support, grounding, fatherhood balance, joy & play.","Micro-lesson + practice: role-play/script, 2-minute log, or checklist.",symptom_tracker_flask.py,Support_Me_Handbook_DaVeon.docx,Medium,20
74,Support: Da’Veon,Support: Da’Veon — Lesson 2,"Learn/apply: Appointment support, grounding, fatherhood balance, joy & play.","Micro-lesson + practice: role-play/script, 2-minute log, or checklist.",sms_reminder.py,Support_Me_Handbook_DaVeon.docx,Medium,25
75,Support: Da’Veon,Support: Da’Veon — Lesson 3,"Learn/apply: Appointment support, grounding, fatherhood balance, joy & play.","Micro-lesson + practice: role-play/script, 2-minute log, or checklist.",notion_sync_stub.py,Support_Me_Handbook_DaVeon.docx,Hard,5
76,Support: Da’Veon,Support: Da’Veon — Lesson 4,"Learn/apply: Appointment support, grounding, fatherhood balance, joy & play.","Micro-lesson + practice: role-play/script, 2-minute log, or checklist.",google_sheets_export.py,Support_Me_Handbook_DaVeon.docx,Easy,10
77,Support: Da’Veon,Support: Da’Veon — Lesson 5,"Learn/apply: Appointment support, grounding, fatherhood balance, joy & play.","Micro-lesson + practice: role-play/script, 2-minute log, or checklist.",progress_chart.py,Support_Me_Handbook_DaVeon.docx,Medium,15
78,Support: Da’Veon,Support: Da’Veon — Lesson 6,"Learn/apply: Appointment support, grounding, fatherhood balance, joy & play.","Micro-lesson + practice: role-play/script, 2-minute log, or checklist.",telegram_bot.py,Support_Me_Handbook_DaVeon.docx,Medium,20
79,Support: Da’Veon,Support: Da’Veon — Lesson 7,"Learn/apply: Appointment support, grounding, fatherhood balance, joy & play.","Micro-lesson + practice: role-play/script, 2-minute log, or checklist.",daily_digest.py,Support_Me_Handbook_DaVeon.docx,Hard,25
80,Support: Da’Veon,Support: Da’Veon — Lesson 8,"Learn/apply: Appointment support, grounding, fatherhood balance, joy & play.","Micro-lesson + practice: role-play/script, 2-minute log, or checklist.",quiz_cli.py,Support_Me_Handbook_DaVeon.docx,Easy,5
81,Support: Da’Veon,Support: Da’Veon — Lesson 9,"Learn/apply: Appointment support, grounding, fatherhood balance, joy & play.","Micro-lesson + practice: role-play/script, 2-minute log, or checklist.",spaced_repetition.py,Support_Me_Handbook_DaVeon.docx,Medium,10
82,Support: Da’Veon,Support: Da’Veon — Lesson 10,"Learn/apply: Appointment support, grounding, fatherhood balance, joy & play.","Micro-lesson + practice: role-play/script, 2-minute log, or checklist.",habit_tracker.py,Support_Me_Handbook_DaVeon.docx,Medium,15
83,Support: Da’Veon,Support: Da’Veon — Lesson 11,"Learn/apply: Appointment support, grounding, fatherhood balance, joy & play.","Micro-lesson + practice: role-play/script, 2-minute log, or checklist.",symptom_tracker_flask.py,Support_Me_Handbook_DaVeon.docx,Hard,20
84,Support: Da’Veon,Support: Da’Veon — Lesson 12,"Learn/apply: Appointment support, grounding, fatherhood balance, joy & play.","Micro-lesson + practice: role-play/script, 2-minute log, or checklist.",sms_reminder.py,Support_Me_Handbook_DaVeon.docx,Easy,25
85,Support: Quincy,Support: Quincy — Lesson 1,"Learn/apply: Financial balance, long-distance strategies, pet rituals, protection of mental health.","Micro-lesson + practice: role-play/script, 2-minute log, or checklist.",notion_sync_stub.py,Support_Me_Handbook_Quincy.docx,Medium,5
86,Support: Quincy,Support: Quincy — Lesson 2,"Learn/apply: Financial balance, long-distance strategies, pet rituals, protection of mental health.","Micro-lesson + practice: role-play/script, 2-minute log, or checklist.",google_sheets_export.py,Support_Me_Handbook_Quincy.docx,Medium,10
87,Support: Quincy,Support: Quincy — Lesson 3,"Learn/apply: Financial balance, long-distance strategies, pet rituals, protection of mental health.","Micro-lesson + practice: role-play/script, 2-minute log, or checklist.",progress_chart.py,Support_Me_Handbook_Quincy.docx,Hard,15
88,Support: Quincy,Support: Quincy — Lesson 4,"Learn/apply: Financial balance, long-distance strategies, pet rituals, protection of mental health.","Micro-lesson + practice: role-play/script, 2-minute log, or checklist.",telegram_bot.py,Support_Me_Handbook_Quincy.docx,Easy,20
89,Support: Quincy,Support: Quincy — Lesson 5,"Learn/apply: Financial balance, long-distance strategies, pet rituals, protection of mental health.","Micro-lesson + practice: role-play/script, 2-minute log, or checklist.",daily_digest.py,Support_Me_Handbook_Quincy.docx,Medium,25
90,Support: Quincy,Support: Quincy — Lesson 6,"Learn/apply: Financial balance, long-distance strategies, pet rituals, protection of mental health.","Micro-lesson + practice: role-play/script, 2-minute log, or checklist.",quiz_cli.py,Support_Me_Handbook_Quincy.docx,Medium,5
91,Support: Quincy,Support: Quincy — Lesson 7,"Learn/apply: Financial balance, long-distance strategies, pet rituals, protection of mental health.","Micro-lesson + practice: role-play/script, 2-minute log, or checklist.",spaced_repetition.py,Support_Me_Handbook_Quincy.docx,Hard,10
92,Support: Quincy,Support: Quincy — Lesson 8,"Learn/apply: Financial balance, long-distance strategies, pet rituals, protection of mental health.","Micro-lesson + practice: role-play/script, 2-minute log, or checklist.",habit_tracker.py,Support_Me_Handbook_Quincy.docx,Easy,15
93,Support: Quincy,Support: Quincy — Lesson 9,"Learn/apply: Financial balance, long-distance strategies, pet rituals, protection of mental health.","Micro-lesson + practice: role-play/script, 2-minute log, or checklist.",symptom_tracker_flask.py,Support_Me_Handbook_Quincy.docx,Medium,20
94,Support: Quincy,Support: Quincy — Lesson 10,"Learn/apply: Financial balance, long-distance strategies, pet rituals, protection of mental health.","Micro-lesson + practice: role-play/script, 2-minute log, or checklist.",sms_reminder.py,Support_Me_Handbook_Quincy.docx,Medium,25
95,Support: Quincy,Support: Quincy — Lesson 11,"Learn/apply: Financial balance, long-distance strategies, pet rituals, protection of mental health.","Micro-lesson + practice: role-play/script, 2-minute log, or checklist.",notion_sync_stub.py,Support_Me_Handbook_Quincy.docx,Hard,5
96,Support: Quincy,Support: Quincy — Lesson 12,"Learn/apply: Financial balance, long-distance strategies, pet rituals, protection of mental health.","Micro-lesson + practice: role-play/script, 2-minute log, or checklist.",google_sheets_export.py,Support_Me_Handbook_Quincy.docx,Easy,10
97,Support: Mom,Support: Mom — Lesson 1,"Learn/apply: Gratitude, emotional balance, practical help, boundaries, shared healing.","Micro-lesson + practice: role-play/script, 2-minute log, or checklist.",progress_chart.py,Support_Me_Handbook_Mom.docx,Medium,15
98,Support: Mom,Support: Mom — Lesson 2,"Learn/apply: Gratitude, emotional balance, practical help, boundaries, shared healing.","Micro-lesson + practice: role-play/script, 2-minute log, or checklist.",telegram_bot.py,Support_Me_Handbook_Mom.docx,Medium,20
99,Support: Mom,Support: Mom — Lesson 3,"Learn/apply: Gratitude, emotional balance, practical help, boundaries, shared healing.","Micro-lesson + practice: role-play/script, 2-minute log, or checklist.",daily_digest.py,Support_Me_Handbook_Mom.docx,Hard,25
100,Support: Mom,Support: Mom — Lesson 4,"Learn/apply: Gratitude, emotional balance, practical help, boundaries, shared healing.","Micro-lesson + practice: role-play/script, 2-minute log, or checklist.",quiz_cli.py,Support_Me_Handbook_Mom.docx,Easy,5
101,Support: Mom,Support: Mom — Lesson 5,"Learn/apply: Gratitude, emotional balance, practical help, boundaries, shared healing.","Micro-lesson + practice: role-play/script, 2-minute log, or checklist.",spaced_repetition.py,Support_Me_Handbook_Mom.docx,Medium,10
102,Support: Mom,Support: Mom — Lesson 6,"Learn/apply: Gratitude, emotional balance, practical help, boundaries, shared healing.","Micro-lesson + practice: role-play/script, 2-minute log, or checklist.",habit_tracker.py,Support_Me_Handbook_Mom.docx,Medium,15
103,Support: Mom,Support: Mom — Lesson 7,"Learn/apply: Gratitude, emotional balance, practical help, boundaries, shared healing.","Micro-lesson + practice: role-play/script, 2-minute log, or checklist.",symptom_tracker_flask.py,Support_Me_Handbook_Mom.docx,Hard,20
104,Support: Mom,Support: Mom — Lesson 8,"Learn/apply: Gratitude, emotional balance, practical help, boundaries, shared healing.","Micro-lesson + practice: role-play/script, 2-minute log, or checklist.",sms_reminder.py,Support_Me_Handbook_Mom.docx,Easy,25
105,Support: Mom,Support: Mom — Lesson 9,"Learn/apply: Gratitude, emotional balance, practical help, boundaries, shared healing.","Micro-lesson + practice: role-play/script, 2-minute log, or checklist.",notion_sync_stub.py,Support_Me_Handbook_Mom.docx,Medium,5
106,Support: Mom,Support: Mom — Lesson 10,"Learn/apply: Gratitude, emotional balance, practical help, boundaries, shared healing.","Micro-lesson + practice: role-play/script, 2-minute log, or checklist.",google_sheets_export.py,Support_Me_Handbook_Mom.docx,Medium,10
107,Support: Mom,Support: Mom — Lesson 11,"Learn/apply: Gratitude, emotional balance, practical help, boundaries, shared healing.","Micro-lesson + practice: role-play/script, 2-minute log, or checklist.",progress_chart.py,Support_Me_Handbook_Mom.docx,Hard,15
108,Support: Mom,Support: Mom — Lesson 12,"Learn/apply: Gratitude, emotional balance, practical help, boundaries, shared healing.","Micro-lesson + practice: role-play/script, 2-minute log, or checklist.",telegram_bot.py,Support_Me_Handbook_Mom.docx,Easy,20
109,Support: Friends & Best Friends,Support: Friends & Best Friends — Lesson 1,"Learn/apply: Emotional support, inclusion, practical help, joy, boundaries.","Micro-lesson + practice: role-play/script, 2-minute log, or checklist.",daily_digest.py,Support_Me_Handbook_Friends.docx; Support_Me_Handbook_BestFriends.docx,Medium,25
110,Support: Friends & Best Friends,Support: Friends & Best Friends — Lesson 2,"Learn/apply: Emotional support, inclusion, practical help, joy, boundaries.","Micro-lesson + practice: role-play/script, 2-minute log, or checklist.",quiz_cli.py,Support_Me_Handbook_Friends.docx; Support_Me_Handbook_BestFriends.docx,Medium,5
111,Support: Friends & Best Friends,Support: Friends & Best Friends — Lesson 3,"Learn/apply: Emotional support, inclusion, practical help, joy, boundaries.","Micro-lesson + practice: role-play/script, 2-minute log, or checklist.",spaced_repetition.py,Support_Me_Handbook_Friends.docx; Support_Me_Handbook_BestFriends.docx,Hard,10
112,Support: Friends & Best Friends,Support: Friends & Best Friends — Lesson 4,"Learn/apply: Emotional support, inclusion, practical help, joy, boundaries.","Micro-lesson + practice: role-play/script, 2-minute log, or checklist.",habit_tracker.py,Support_Me_Handbook_Friends.docx; Support_Me_Handbook_BestFriends.docx,Easy,15
113,Support: Friends & Best Friends,Support: Friends & Best Friends — Lesson 5,"Learn/apply: Emotional support, inclusion, practical help, joy, boundaries.","Micro-lesson + practice: role-play/script, 2-minute log, or checklist.",symptom_tracker_flask.py,Support_Me_Handbook_Friends.docx; Support_Me_Handbook_BestFriends.docx,Medium,20
114,Support: Friends & Best Friends,Support: Friends & Best Friends — Lesson 6,"Learn/apply: Emotional support, inclusion, practical help, joy, boundaries.","Micro-lesson + practice: role-play/script, 2-minute log, or checklist.",sms_reminder.py,Support_Me_Handbook_Friends.docx; Support_Me_Handbook_BestFriends.docx,Medium,25
115,Support: Friends & Best Friends,Support: Friends & Best Friends — Lesson 7,"Learn/apply: Emotional support, inclusion, practical help, joy, boundaries.","Micro-lesson + practice: role-play/script, 2-minute log, or checklist.",notion_sync_stub.py,Support_Me_Handbook_Friends.docx; Support_Me_Handbook_BestFriends.docx,Hard,5
116,Support: Friends & Best Friends,Support: Friends & Best Friends — Lesson 8,"Learn/apply: Emotional support, inclusion, practical help, joy, boundaries.","Micro-lesson + practice: role-play/script, 2-minute log, or checklist.",google_sheets_export.py,Support_Me_Handbook_Friends.docx; Support_Me_Handbook_BestFriends.docx,Easy,10
117,Support: Friends & Best Friends,Support: Friends & Best Friends — Lesson 9,"Learn/apply: Emotional support, inclusion, practical help, joy, boundaries.","Micro-lesson + practice: role-play/script, 2-minute log, or checklist.",progress_chart.py,Support_Me_Handbook_Friends.docx; Support_Me_Handbook_BestFriends.docx,Medium,15
118,Support: Friends & Best Friends,Support: Friends & Best Friends — Lesson 10,"Learn/apply: Emotional support, inclusion, practical help, joy, boundaries.","Micro-lesson + practice: role-play/script, 2-minute log, or checklist.",telegram_bot.py,Support_Me_Handbook_Friends.docx; Support_Me_Handbook_BestFriends.docx,Medium,20
119,Support: Friends & Best Friends,Support: Friends & Best Friends — Lesson 11,"Learn/apply: Emotional support, inclusion, practical help, joy, boundaries.","Micro-lesson + practice: role-play/script, 2-minute log, or checklist.",daily_digest.py,Support_Me_Handbook_Friends.docx; Support_Me_Handbook_BestFriends.docx,Hard,25
120,Support: Friends & Best Friends,Support: Friends & Best Friends — Lesson 12,"Learn/apply: Emotional support, inclusion, practical help, joy, boundaries.","Micro-lesson + practice: role-play/script, 2-minute log, or checklist.",quiz_cli.py,Support_Me_Handbook_Friends.docx; Support_Me_Handbook_BestFriends.docx,Easy,5
121,Support: Home Health Aid,Support: Home Health Aid — Lesson 1,"Learn/apply: Daily care, medical/safety support, emotional respect, professionalism.","Micro-lesson + practice: role-play/script, 2-minute log, or checklist.",spaced_repetition.py,Support_Me_Handbook_HomeHealthAid.docx,Medium,10
122,Support: Home Health Aid,Support: Home Health Aid — Lesson 2,"Learn/apply: Daily care, medical/safety support, emotional respect, professionalism.","Micro-lesson + practice: role-play/script, 2-minute log, or checklist.",habit_tracker.py,Support_Me_Handbook_HomeHealthAid.docx,Medium,15
123,Support: Home Health Aid,Support: Home Health Aid — Lesson 3,"Learn/apply: Daily care, medical/safety support, emotional respect, professionalism.","Micro-lesson + practice: role-play/script, 2-minute log, or checklist.",symptom_tracker_flask.py,Support_Me_Handbook_HomeHealthAid.docx,Hard,20
124,Support: Home Health Aid,Support: Home Health Aid — Lesson 4,"Learn/apply: Daily care, medical/safety support, emotional respect, professionalism.","Micro-lesson + practice: role-play/script, 2-minute log, or checklist.",sms_reminder.py,Support_Me_Handbook_HomeHealthAid.docx,Easy,25
125,Support: Home Health Aid,Support: Home Health Aid — Lesson 5,"Learn/apply: Daily care, medical/safety support, emotional respect, professionalism.","Micro-lesson + practice: role-play/script, 2-minute log, or checklist.",notion_sync_stub.py,Support_Me_Handbook_HomeHealthAid.docx,Medium,5
126,Support: Home Health Aid,Support: Home Health Aid — Lesson 6,"Learn/apply: Daily care, medical/safety support, emotional respect, professionalism.","Micro-lesson + practice: role-play/script, 2-minute log, or checklist.",google_sheets_export.py,Support_Me_Handbook_HomeHealthAid.docx,Medium,10
127,Support: Home Health Aid,Support: Home Health Aid — Lesson 7,"Learn/apply: Daily care, medical/safety support, emotional respect, professionalism.","Micro-lesson + practice: role-play/script, 2-minute log, or checklist.",progress_chart.py,Support_Me_Handbook_HomeHealthAid.docx,Hard,15
128,Support: Home Health Aid,Support: Home Health Aid — Lesson 8,"Learn/apply: Daily care, medical/safety support, emotional respect, professionalism.","Micro-lesson + practice: role-play/script, 2-minute log, or checklist.",telegram_bot.py,Support_Me_Handbook_HomeHealthAid.docx,Easy,20
129,Support: Home Health Aid,Support: Home Health Aid — Lesson 9,"Learn/apply: Daily care, medical/safety support, emotional respect, professionalism.","Micro-lesson + practice: role-play/script, 2-minute log, or checklist.",daily_digest.py,Support_Me_Handbook_HomeHealthAid.docx,Medium,25
130,Support: Home Health Aid,Support: Home Health Aid — Lesson 10,"Learn/apply: Daily care, medical/safety support, emotional respect, professionalism.","Micro-lesson + practice: role-play/script, 2-minute log, or checklist.",quiz_cli.py,Support_Me_Handbook_HomeHealthAid.docx,Medium,5
131,Support: Home Health Aid,Support: Home Health Aid — Lesson 11,"Learn/apply: Daily care, medical/safety support, emotional respect, professionalism.","Micro-lesson + practice: role-play/script, 2-minute log, or checklist.",spaced_repetition.py,Support_Me_Handbook_HomeHealthAid.docx,Hard,10
132,Support: Home Health Aid,Support: Home Health Aid — Lesson 12,"Learn/apply: Daily care, medical/safety support, emotional respect, professionalism.","Micro-lesson + practice: role-play/script, 2-minute log, or checklist.",habit_tracker.py,Support_Me_Handbook_HomeHealthAid.docx,Easy,15
133,Support: Social Workers,Support: Social Workers — Lesson 1,"Learn/apply: Advocacy, accessibility, trauma-informed practice, practical support.","Micro-lesson + practice: role-play/script, 2-minute log, or checklist.",symptom_tracker_flask.py,Support_Me_Handbook_SocialWorkers.docx,Medium,20
134,Support: Social Workers,Support: Social Workers — Lesson 2,"Learn/apply: Advocacy, accessibility, trauma-informed practice, practical support.","Micro-lesson + practice: role-play/script, 2-minute log, or checklist.",sms_reminder.py,Support_Me_Handbook_SocialWorkers.docx,Medium,25
135,Support: Social Workers,Support: Social Workers — Lesson 3,"Learn/apply: Advocacy, accessibility, trauma-informed practice, practical support.","Micro-lesson + practice: role-play/script, 2-minute log, or checklist.",notion_sync_stub.py,Support_Me_Handbook_SocialWorkers.docx,Hard,5
136,Support: Social Workers,Support: Social Workers — Lesson 4,"Learn/apply: Advocacy, accessibility, trauma-informed practice, practical support.","Micro-lesson + practice: role-play/script, 2-minute log, or checklist.",google_sheets_export.py,Support_Me_Handbook_SocialWorkers.docx,Easy,10
137,Support: Social Workers,Support: Social Workers — Lesson 5,"Learn/apply: Advocacy, accessibility, trauma-informed practice, practical support.","Micro-lesson + practice: role-play/script, 2-minute log, or checklist.",progress_chart.py,Support_Me_Handbook_SocialWorkers.docx,Medium,15
138,Support: Social Workers,Support: Social Workers — Lesson 6,"Learn/apply: Advocacy, accessibility, trauma-informed practice, practical support.","Micro-lesson + practice: role-play/script, 2-minute log, or checklist.",telegram_bot.py,Support_Me_Handbook_SocialWorkers.docx,Medium,20
139,Support: Social Workers,Support: Social Workers — Lesson 7,"Learn/apply: Advocacy, accessibility, trauma-informed practice, practical support.","Micro-lesson + practice: role-play/script, 2-minute log, or checklist.",daily_digest.py,Support_Me_Handbook_SocialWorkers.docx,Hard,25
140,Support: Social Workers,Support: Social Workers — Lesson 8,"Learn/apply: Advocacy, accessibility, trauma-informed practice, practical support.","Micro-lesson + practice: role-play/script, 2-minute log, or checklist.",quiz_cli.py,Support_Me_Handbook_SocialWorkers.docx,Easy,5
141,Support: Social Workers,Support: Social Workers — Lesson 9,"Learn/apply: Advocacy, accessibility, trauma-informed practice, practical support.","Micro-lesson + practice: role-play/script, 2-minute log, or checklist.",spaced_repetition.py,Support_Me_Handbook_SocialWorkers.docx,Medium,10
142,Support: Social Workers,Support: Social Workers — Lesson 10,"Learn/apply: Advocacy, accessibility, trauma-informed practice, practical support.","Micro-lesson + practice: role-play/script, 2-minute log, or checklist.",habit_tracker.py,Support_Me_Handbook_SocialWorkers.docx,Medium,15
143,Support: Social Workers,Support: Social Workers — Lesson 11,"Learn/apply: Advocacy, accessibility, trauma-informed practice, practical support.","Micro-lesson + practice: role-play/script, 2-minute log, or checklist.",symptom_tracker_flask.py,Support_Me_Handbook_SocialWorkers.docx,Hard,20
144,Support: Social Workers,Support: Social Workers — Lesson 12,"Learn/apply: Advocacy, accessibility, trauma-informed practice, practical support.","Micro-lesson + practice: role-play/script, 2-minute log, or checklist.",sms_reminder.py,Support_Me_Handbook_SocialWorkers.docx,Easy,25
145,Support: Mom’s Friends,Support: Mom’s Friends — Lesson 1,Learn/apply: Support mom directly while respecting boundaries with me.,"Micro-lesson + practice: role-play/script, 2-minute log, or checklist.",notion_sync_stub.py,Support_Me_Handbook_MomsFriends.docx,Medium,5
146,Support: Mom’s Friends,Support: Mom’s Friends — Lesson 2,Learn/apply: Support mom directly while respecting boundaries with me.,"Micro-lesson + practice: role-play/script, 2-minute log, or checklist.",google_sheets_export.py,Support_Me_Handbook_MomsFriends.docx,Medium,10
147,Support: Mom’s Friends,Support: Mom’s Friends — Lesson 3,Learn/apply: Support mom directly while respecting boundaries with me.,"Micro-lesson + practice: role-play/script, 2-minute log, or checklist.",progress_chart.py,Support_Me_Handbook_MomsFriends.docx,Hard,15
148,Support: Mom’s Friends,Support: Mom’s Friends — Lesson 4,Learn/apply: Support mom directly while respecting boundaries with me.,"Micro-lesson + practice: role-play/script, 2-minute log, or checklist.",telegram_bot.py,Support_Me_Handbook_MomsFriends.docx,Easy,20
149,Support: Mom’s Friends,Support: Mom’s Friends — Lesson 5,Learn/apply: Support mom directly while respecting boundaries with me.,"Micro-lesson + practice: role-play/script, 2-minute log, or checklist.",daily_digest.py,Support_Me_Handbook_MomsFriends.docx,Medium,25
150,Support: Mom’s Friends,Support: Mom’s Friends — Lesson 6,Learn/apply: Support mom directly while respecting boundaries with me.,"Micro-lesson + practice: role-play/script, 2-minute log, or checklist.",quiz_cli.py,Support_Me_Handbook_MomsFriends.docx,Medium,5
151,Support: Mom’s Friends,Support: Mom’s Friends — Lesson 7,Learn/apply: Support mom directly while respecting boundaries with me.,"Micro-lesson + practice: role-play/script, 2-minute log, or checklist.",spaced_repetition.py,Support_Me_Handbook_MomsFriends.docx,Hard,10
152,Support: Mom’s Friends,Support: Mom’s Friends — Lesson 8,Learn/apply: Support mom directly while respecting boundaries with me.,"Micro-lesson + practice: role-play/script, 2-minute log, or checklist.",habit_tracker.py,Support_Me_Handbook_MomsFriends.docx,Easy,15
153,Support: Mom’s Friends,Support: Mom’s Friends — Lesson 9,Learn/apply: Support mom directly while respecting boundaries with me.,"Micro-lesson + practice: role-play/script, 2-minute log, or checklist.",symptom_tracker_flask.py,Support_Me_Handbook_MomsFriends.docx,Medium,20
154,Support: Mom’s Friends,Support: Mom’s Friends — Lesson 10,Learn/apply: Support mom directly while respecting boundaries with me.,"Micro-lesson + practice: role-play/script, 2-minute log, or checklist.",sms_reminder.py,Support_Me_Handbook_MomsFriends.docx,Medium,25
155,Support: Mom’s Friends,Support: Mom’s Friends — Lesson 11,Learn/apply: Support mom directly while respecting boundaries with me.,"Micro-lesson + practice: role-play/script, 2-minute log, or checklist.",notion_sync_stub.py,Support_Me_Handbook_MomsFriends.docx,Hard,5
156,Support: Mom’s Friends,Support: Mom’s Friends — Lesson 12,Learn/apply: Support mom directly while respecting boundaries with me.,"Micro-lesson + practice: role-play/script, 2-minute log, or checklist.",google_sheets_export.py,Support_Me_Handbook_MomsFriends.docx,Easy,10
157,Support: Community/Activism,Support: Community/Activism — Lesson 1,"Learn/apply: Access & inclusion, pacing, solidarity, mutual aid, joy.","Micro-lesson + practice: role-play/script, 2-minute log, or checklist.",progress_chart.py,Support_Me_Handbook_Community.docx,Medium,15
158,Support: Community/Activism,Support: Community/Activism — Lesson 2,"Learn/apply: Access & inclusion, pacing, solidarity, mutual aid, joy.","Micro-lesson + practice: role-play/script, 2-minute log, or checklist.",telegram_bot.py,Support_Me_Handbook_Community.docx,Medium,20
159,Support: Community/Activism,Support: Community/Activism — Lesson 3,"Learn/apply: Access & inclusion, pacing, solidarity, mutual aid, joy.","Micro-lesson + practice: role-play/script, 2-minute log, or checklist.",daily_digest.py,Support_Me_Handbook_Community.docx,Hard,25
160,Support: Community/Activism,Support: Community/Activism — Lesson 4,"Learn/apply: Access & inclusion, pacing, solidarity, mutual aid, joy.","Micro-lesson + practice: role-play/script, 2-minute log, or checklist.",quiz_cli.py,Support_Me_Handbook_Community.docx,Easy,5
161,Support: Community/Activism,Support: Community/Activism — Lesson 5,"Learn/apply: Access & inclusion, pacing, solidarity, mutual aid, joy.","Micro-lesson + practice: role-play/script, 2-minute log, or checklist.",spaced_repetition.py,Support_Me_Handbook_Community.docx,Medium,10
162,Support: Community/Activism,Support: Community/Activism — Lesson 6,"Learn/apply: Access & inclusion, pacing, solidarity, mutual aid, joy.","Micro-lesson + practice: role-play/script, 2-minute log, or checklist.",habit_tracker.py,Support_Me_Handbook_Community.docx,Medium,15
163,Support: Community/Activism,Support: Community/Activism — Lesson 7,"Learn/apply: Access & inclusion, pacing, solidarity, mutual aid, joy.","Micro-lesson + practice: role-play/script, 2-minute log, or checklist.",symptom_tracker_flask.py,Support_Me_Handbook_Community.docx,Hard,20
164,Support: Community/Activism,Support: Community/Activism — Lesson 8,"Learn/apply: Access & inclusion, pacing, solidarity, mutual aid, joy.","Micro-lesson + practice: role-play/script, 2-minute log, or checklist.",sms_reminder.py,Support_Me_Handbook_Community.docx,Easy,25
165,Support: Community/Activism,Support: Community/Activism — Lesson 9,"Learn/apply: Access & inclusion, pacing, solidarity, mutual aid, joy.","Micro-lesson + practice: role-play/script, 2-minute log, or checklist.",notion_sync_stub.py,Support_Me_Handbook_Community.docx,Medium,5
166,Support: Community/Activism,Support: Community/Activism — Lesson 10,"Learn/apply: Access & inclusion, pacing, solidarity, mutual aid, joy.","Micro-lesson + practice: role-play/script, 2-minute log, or checklist.",google_sheets_export.py,Support_Me_Handbook_Community.docx,Medium,10
167,Support: Community/Activism,Support: Community/Activism — Lesson 11,"Learn/apply: Access & inclusion, pacing, solidarity, mutual aid, joy.","Micro-lesson + practice: role-play/script, 2-minute log, or checklist.",progress_chart.py,Support_Me_Handbook_Community.docx,Hard,15
168,Support: Community/Activism,Support: Community/Activism — Lesson 12,"Learn/apply: Access & inclusion, pacing, solidarity, mutual aid, joy.","Micro-lesson + practice: role-play/script, 2-minute log, or checklist.",telegram_bot.py,Support_Me_Handbook_Community.docx,Easy,20
169,Quick-Glance Master Guide,Quick-Glance Master Guide — Lesson 1,Learn/apply: Top-10 must‑know supports for each key person.,"Micro-lesson + practice: role-play/script, 2-minute log, or checklist.",daily_digest.py,QuickGlance_MasterGuide.docx,Medium,25
170,Quick-Glance Master Guide,Quick-Glance Master Guide — Lesson 2,Learn/apply: Top-10 must‑know supports for each key person.,"Micro-lesson + practice: role-play/script, 2-minute log, or checklist.",quiz_cli.py,QuickGlance_MasterGuide.docx,Medium,5
171,Quick-Glance Master Guide,Quick-Glance Master Guide — Lesson 3,Learn/apply: Top-10 must‑know supports for each key person.,"Micro-lesson + practice: role-play/script, 2-minute log, or checklist.",spaced_repetition.py,QuickGlance_MasterGuide.docx,Hard,10
172,Quick-Glance Master Guide,Quick-Glance Master Guide — Lesson 4,Learn/apply: Top-10 must‑know supports for each key person.,"Micro-lesson + practice: role-play/script, 2-minute log, or checklist.",habit_tracker.py,QuickGlance_MasterGuide.docx,Easy,15
173,Quick-Glance Master Guide,Quick-Glance Master Guide — Lesson 5,Learn/apply: Top-10 must‑know supports for each key person.,"Micro-lesson + practice: role-play/script, 2-minute log, or checklist.",symptom_tracker_flask.py,QuickGlance_MasterGuide.docx,Medium,20
174,Quick-Glance Master Guide,Quick-Glance Master Guide — Lesson 6,Learn/apply: Top-10 must‑know supports for each key person.,"Micro-lesson + practice: role-play/script, 2-minute log, or checklist.",sms_reminder.py,QuickGlance_MasterGuide.docx,Medium,25
175,Quick-Glance Master Guide,Quick-Glance Master Guide — Lesson 7,Learn/apply: Top-10 must‑know supports for each key person.,"Micro-lesson + practice: role-play/script, 2-minute log, or checklist.",notion_sync_stub.py,QuickGlance_MasterGuide.docx,Hard,5
176,Quick-Glance Master Guide,Quick-Glance Master Guide — Lesson 8,Learn/apply: Top-10 must‑know supports for each key person.,"Micro-lesson + practice: role-play/script, 2-minute log, or checklist.",google_sheets_export.py,QuickGlance_MasterGuide.docx,Easy,10
177,Quick-Glance Master Guide,Quick-Glance Master Guide — Lesson 9,Learn/apply: Top-10 must‑know supports for each key person.,"Micro-lesson + practice: role-play/script, 2-minute log, or checklist.",progress_chart.py,QuickGlance_MasterGuide.docx,Medium,15
178,Quick-Glance Master Guide,Quick-Glance Master Guide — Lesson 10,Learn/apply: Top-10 must‑know supports for each key person.,"Micro-lesson + practice: role-play/script, 2-minute log, or checklist.",telegram_bot.py,QuickGlance_MasterGuide.docx,Medium,20
179,Quick-Glance Master Guide,Quick-Glance Master Guide — Lesson 11,Learn/apply: Top-10 must‑know supports for each key person.,"Micro-lesson + practice: role-play/script, 2-minute log, or checklist.",daily_digest.py,QuickGlance_MasterGuide.docx,Hard,25
180,Emergency: Cards & Wallpaper,Emergency: Cards & Wallpaper — Lesson 1,"Learn/apply: If-freeze steps, calm tones, contacts, meds, quick actions.","Micro-lesson + practice: role-play/script, 2-minute log, or checklist.",quiz_cli.py,Emergency_Wallet_Card.pdf; Emergency_Wallpaper.pdf; Emergency_Support_Card.docx,Easy,5
181,Emergency: Cards & Wallpaper,Emergency: Cards & Wallpaper — Lesson 2,"Learn/apply: If-freeze steps, calm tones, contacts, meds, quick actions.","Micro-lesson + practice: role-play/script, 2-minute log, or checklist.",spaced_repetition.py,Emergency_Wallet_Card.pdf; Emergency_Wallpaper.pdf; Emergency_Support_Card.docx,Medium,10
182,Emergency: Cards & Wallpaper,Emergency: Cards & Wallpaper — Lesson 3,"Learn/apply: If-freeze steps, calm tones, contacts, meds, quick actions.","Micro-lesson + practice: role-play/script, 2-minute log, or checklist.",habit_tracker.py,Emergency_Wallet_Card.pdf; Emergency_Wallpaper.pdf; Emergency_Support_Card.docx,Medium,15
183,Emergency: Cards & Wallpaper,Emergency: Cards & Wallpaper — Lesson 4,"Learn/apply: If-freeze steps, calm tones, contacts, meds, quick actions.","Micro-lesson + practice: role-play/script, 2-minute log, or checklist.",symptom_tracker_flask.py,Emergency_Wallet_Card.pdf; Emergency_Wallpaper.pdf; Emergency_Support_Card.docx,Hard,20
184,Emergency: Cards & Wallpaper,Emergency: Cards & Wallpaper — Lesson 5,"Learn/apply: If-freeze steps, calm tones, contacts, meds, quick actions.","Micro-lesson + practice: role-play/script, 2-minute log, or checklist.",sms_reminder.py,Emergency_Wallet_Card.pdf; Emergency_Wallpaper.pdf; Emergency_Support_Card.docx,Easy,25
185,Emergency: Cards & Wallpaper,Emergency: Cards & Wallpaper — Lesson 6,"Learn/apply: If-freeze steps, calm tones, contacts, meds, quick actions.","Micro-lesson + practice: role-play/script, 2-minute log, or checklist.",notion_sync_stub.py,Emergency_Wallet_Card.pdf; Emergency_Wallpaper.pdf; Emergency_Support_Card.docx,Medium,5
186,Emergency: Cards & Wallpaper,Emergency: Cards & Wallpaper — Lesson 7,"Learn/apply: If-freeze steps, calm tones, contacts, meds, quick actions.","Micro-lesson + practice: role-play/script, 2-minute log, or checklist.",google_sheets_export.py,Emergency_Wallet_Card.pdf; Emergency_Wallpaper.pdf; Emergency_Support_Card.docx,Medium,10
187,Emergency: Cards & Wallpaper,Emergency: Cards & Wallpaper — Lesson 8,"Learn/apply: If-freeze steps, calm tones, contacts, meds, quick actions.","Micro-lesson + practice: role-play/script, 2-minute log, or checklist.",progress_chart.py,Emergency_Wallet_Card.pdf; Emergency_Wallpaper.pdf; Emergency_Support_Card.docx,Hard,15
188,Emergency: Cards & Wallpaper,Emergency: Cards & Wallpaper — Lesson 9,"Learn/apply: If-freeze steps, calm tones, contacts, meds, quick actions.","Micro-lesson + practice: role-play/script, 2-minute log, or checklist.",telegram_bot.py,Emergency_Wallet_Card.pdf; Emergency_Wallpaper.pdf; Emergency_Support_Card.docx,Easy,20
189,Emergency: Cards & Wallpaper,Emergency: Cards & Wallpaper — Lesson 10,"Learn/apply: If-freeze steps, calm tones, contacts, meds, quick actions.","Micro-lesson + practice: role-play/script, 2-minute log, or checklist.",daily_digest.py,Emergency_Wallet_Card.pdf; Emergency_Wallpaper.pdf; Emergency_Support_Card.docx,Medium,25
190,Emergency: Cards & Wallpaper,Emergency: Cards & Wallpaper — Lesson 11,"Learn/apply: If-freeze steps, calm tones, contacts, meds, quick actions.","Micro-lesson + practice: role-play/script, 2-minute log, or checklist.",quiz_cli.py,Emergency_Wallet_Card.pdf; Emergency_Wallpaper.pdf; Emergency_Support_Card.docx,Medium,5
191,Care Guide: How to Take Care of Kol,Care Guide: How to Take Care of Kol — Lesson 1,"Learn/apply: Daily tasks, meds, PT plan, POTS protocol, vitals.","Micro-lesson + practice: role-play/script, 2-minute log, or checklist.",spaced_repetition.py,How to take care of Kol (1).docx,Hard,10
192,Care Guide: How to Take Care of Kol,Care Guide: How to Take Care of Kol — Lesson 2,"Learn/apply: Daily tasks, meds, PT plan, POTS protocol, vitals.","Micro-lesson + practice: role-play/script, 2-minute log, or checklist.",habit_tracker.py,How to take care of Kol (1).docx,Easy,15
193,Care Guide: How to Take Care of Kol,Care Guide: How to Take Care of Kol — Lesson 3,"Learn/apply: Daily tasks, meds, PT plan, POTS protocol, vitals.","Micro-lesson + practice: role-play/script, 2-minute log, or checklist.",symptom_tracker_flask.py,How to take care of Kol (1).docx,Medium,20
194,Care Guide: How to Take Care of Kol,Care Guide: How to Take Care of Kol — Lesson 4,"Learn/apply: Daily tasks, meds, PT plan, POTS protocol, vitals.","Micro-lesson + practice: role-play/script, 2-minute log, or checklist.",sms_reminder.py,How to take care of Kol (1).docx,Medium,25
195,Care Guide: How to Take Care of Kol,Care Guide: How to Take Care of Kol — Lesson 5,"Learn/apply: Daily tasks, meds, PT plan, POTS protocol, vitals.","Micro-lesson + practice: role-play/script, 2-minute log, or checklist.",notion_sync_stub.py,How to take care of Kol (1).docx,Hard,5
196,Care Guide: How to Take Care of Kol,Care Guide: How to Take Care of Kol — Lesson 6,"Learn/apply: Daily tasks, meds, PT plan, POTS protocol, vitals.","Micro-lesson + practice: role-play/script, 2-minute log, or checklist.",google_sheets_export.py,How to take care of Kol (1).docx,Easy,10
197,Care Guide: How to Take Care of Kol,Care Guide: How to Take Care of Kol — Lesson 7,"Learn/apply: Daily tasks, meds, PT plan, POTS protocol, vitals.","Micro-lesson + practice: role-play/script, 2-minute log, or checklist.",progress_chart.py,How to take care of Kol (1).docx,Medium,15
198,Care Guide: How to Take Care of Kol,Care Guide: How to Take Care of Kol — Lesson 8,"Learn/apply: Daily tasks, meds, PT plan, POTS protocol, vitals.","Micro-lesson + practice: role-play/script, 2-minute log, or checklist.",telegram_bot.py,How to take care of Kol (1).docx,Medium,20
199,Care Guide: How to Take Care of Kol,Care Guide: How to Take Care of Kol — Lesson 9,"Learn/apply: Daily tasks, meds, PT plan, POTS protocol, vitals.","Micro-lesson + practice: role-play/script, 2-minute log, or checklist.",daily_digest.py,How to take care of Kol (1).docx,Hard,25
200,Care Guide: How to Take Care of Kol,Care Guide: How to Take Care of Kol — Lesson 10,"Learn/apply: Daily tasks, meds, PT plan, POTS protocol, vitals.","Micro-lesson + practice: role-play/script, 2-minute log, or checklist.",quiz_cli.py,How to take care of Kol (1).docx,Easy,5
201,Care Guide: How to Take Care of Kol,Care Guide: How to Take Care of Kol — Lesson 11,"Learn/apply: Daily tasks, meds, PT plan, POTS protocol, vitals.","Micro-lesson + practice: role-play/script, 2-minute log, or checklist.",spaced_repetition.py,How to take care of Kol (1).docx,Medium,10
202,Care Guide: How to Support Kol,Care Guide: How to Support Kol — Lesson 1,"Learn/apply: C‑PTSD intersections, do/don’t lists, team notes.","Micro-lesson + practice: role-play/script, 2-minute log, or checklist.",habit_tracker.py,How to support kol.docx,Medium,15
203,Care Guide: How to Support Kol,Care Guide: How to Support Kol — Lesson 2,"Learn/apply: C‑PTSD intersections, do/don’t lists, team notes.","Micro-lesson + practice: role-play/script, 2-minute log, or checklist.",symptom_tracker_flask.py,How to support kol.docx,Hard,20
204,Care Guide: How to Support Kol,Care Guide: How to Support Kol — Lesson 3,"Learn/apply: C‑PTSD intersections, do/don’t lists, team notes.","Micro-lesson + practice: role-play/script, 2-minute log, or checklist.",sms_reminder.py,How to support kol.docx,Easy,25
205,Care Guide: How to Support Kol,Care Guide: How to Support Kol — Lesson 4,"Learn/apply: C‑PTSD intersections, do/don’t lists, team notes.","Micro-lesson + practice: role-play/script, 2-minute log, or checklist.",notion_sync_stub.py,How to support kol.docx,Medium,5
206,Care Guide: How to Support Kol,Care Guide: How to Support Kol — Lesson 5,"Learn/apply: C‑PTSD intersections, do/don’t lists, team notes.","Micro-lesson + practice: role-play/script, 2-minute log, or checklist.",google_sheets_export.py,How to support kol.docx,Medium,10
207,Care Guide: How to Support Kol,Care Guide: How to Support Kol — Lesson 6,"Learn/apply: C‑PTSD intersections, do/don’t lists, team notes.","Micro-lesson + practice: role-play/script, 2-minute log, or checklist.",progress_chart.py,How to support kol.docx,Hard,15
208,Care Guide: How to Support Kol,Care Guide: How to Support Kol — Lesson 7,"Learn/apply: C‑PTSD intersections, do/don’t lists, team notes.","Micro-lesson + practice: role-play/script, 2-minute log, or checklist.",telegram_bot.py,How to support kol.docx,Easy,20
209,Care Guide: How to Support Kol,Care Guide: How to Support Kol — Lesson 8,"Learn/apply: C‑PTSD intersections, do/don’t lists, team notes.","Micro-lesson + practice: role-play/script, 2-minute log, or checklist.",daily_digest.py,How to support kol.docx,Medium,25
210,Care Guide: How to Support Kol,Care Guide: How to Support Kol — Lesson 9,"Learn/apply: C‑PTSD intersections, do/don’t lists, team notes.","Micro-lesson + practice: role-play/script, 2-minute log, or checklist.",quiz_cli.py,How to support kol.docx,Medium,5
211,Care Guide: How to Support Kol,Care Guide: How to Support Kol — Lesson 10,"Learn/apply: C‑PTSD intersections, do/don’t lists, team notes.","Micro-lesson + practice: role-play/script, 2-minute log, or checklist.",spaced_repetition.py,How to support kol.docx,Hard,10
212,Care Guide: How to Support Kol,Care Guide: How to Support Kol — Lesson 11,"Learn/apply: C‑PTSD intersections, do/don’t lists, team notes.","Micro-lesson + practice: role-play/script, 2-minute log, or checklist.",habit_tracker.py,How to support kol.docx,Easy,15
213,Body Weather,Body Weather — Lesson 1,Learn/apply: Daily pain/energy/mood note with simple scales.,"Micro-lesson + practice: role-play/script, 2-minute log, or checklist.",symptom_tracker_flask.py,Project schema (Body Weather) + Symptom logs,Medium,20
214,Body Weather,Body Weather — Lesson 2,Learn/apply: Daily pain/energy/mood note with simple scales.,"Micro-lesson + practice: role-play/script, 2-minute log, or checklist.",sms_reminder.py,Project schema (Body Weather) + Symptom logs,Medium,25
215,Body Weather,Body Weather — Lesson 3,Learn/apply: Daily pain/energy/mood note with simple scales.,"Micro-lesson + practice: role-play/script, 2-minute log, or checklist.",notion_sync_stub.py,Project schema (Body Weather) + Symptom logs,Hard,5
216,Body Weather,Body Weather — Lesson 4,Learn/apply: Daily pain/energy/mood note with simple scales.,"Micro-lesson + practice: role-play/script, 2-minute log, or checklist.",google_sheets_export.py,Project schema (Body Weather) + Symptom logs,Easy,10
217,Body Weather,Body Weather — Lesson 5,Learn/apply: Daily pain/energy/mood note with simple scales.,"Micro-lesson + practice: role-play/script, 2-minute log, or checklist.",progress_chart.py,Project schema (Body Weather) + Symptom logs,Medium,15
218,Body Weather,Body Weather — Lesson 6,Learn/apply: Daily pain/energy/mood note with simple scales.,"Micro-lesson + practice: role-play/script, 2-minute log, or checklist.",telegram_bot.py,Project schema (Body Weather) + Symptom logs,Medium,20
219,Body Weather,Body Weather — Lesson 7,Learn/apply: Daily pain/energy/mood note with simple scales.,"Micro-lesson + practice: role-play/script, 2-minute log, or checklist.",daily_digest.py,Project schema (Body Weather) + Symptom logs,Hard,25
220,Body Weather,Body Weather — Lesson 8,Learn/apply: Daily pain/energy/mood note with simple scales.,"Micro-lesson + practice: role-play/script, 2-minute log, or checklist.",quiz_cli.py,Project schema (Body Weather) + Symptom logs,Easy,5
221,Body Weather,Body Weather — Lesson 9,Learn/apply: Daily pain/energy/mood note with simple scales.,"Micro-lesson + practice: role-play/script, 2-minute log, or checklist.",spaced_repetition.py,Project schema (Body Weather) + Symptom logs,Medium,10
222,Body Weather,Body Weather — Lesson 10,Learn/apply: Daily pain/energy/mood note with simple scales.,"Micro-lesson + practice: role-play/script, 2-minute log, or checklist.",habit_tracker.py,Project schema (Body Weather) + Symptom logs,Medium,15
223,Body Weather,Body Weather — Lesson 11,Learn/apply: Daily pain/energy/mood note with simple scales.,"Micro-lesson + practice: role-play/script, 2-minute log, or checklist.",symptom_tracker_flask.py,Project schema (Body Weather) + Symptom logs,Hard,20
224,Meds & Vitals,Meds & Vitals — Lesson 1,Learn/apply: Medication checklist; vitals logging and alerts.,"Micro-lesson + practice: role-play/script, 2-minute log, or checklist.",sms_reminder.py,Care guides + Emergency cards,Easy,25
225,Meds & Vitals,Meds & Vitals — Lesson 2,Learn/apply: Medication checklist; vitals logging and alerts.,"Micro-lesson + practice: role-play/script, 2-minute log, or checklist.",notion_sync_stub.py,Care guides + Emergency cards,Medium,5
226,Meds & Vitals,Meds & Vitals — Lesson 3,Learn/apply: Medication checklist; vitals logging and alerts.,"Micro-lesson + practice: role-play/script, 2-minute log, or checklist.",google_sheets_export.py,Care guides + Emergency cards,Medium,10
227,Meds & Vitals,Meds & Vitals — Lesson 4,Learn/apply: Medication checklist; vitals logging and alerts.,"Micro-lesson + practice: role-play/script, 2-minute log, or checklist.",progress_chart.py,Care guides + Emergency cards,Hard,15
228,Meds & Vitals,Meds & Vitals — Lesson 5,Learn/apply: Medication checklist; vitals logging and alerts.,"Micro-lesson + practice: role-play/script, 2-minute log, or checklist.",telegram_bot.py,Care guides + Emergency cards,Easy,20
229,Meds & Vitals,Meds & Vitals — Lesson 6,Learn/apply: Medication checklist; vitals logging and alerts.,"Micro-lesson + practice: role-play/script, 2-minute log, or checklist.",daily_digest.py,Care guides + Emergency cards,Medium,25
230,Meds & Vitals,Meds & Vitals — Lesson 7,Learn/apply: Medication checklist; vitals logging and alerts.,"Micro-lesson + practice: role-play/script, 2-minute log, or checklist.",quiz_cli.py,Care guides + Emergency cards,Medium,5
231,Meds & Vitals,Meds & Vitals — Lesson 8,Learn/apply: Medication checklist; vitals logging and alerts.,"Micro-lesson + practice: role-play/script, 2-minute log, or checklist.",spaced_repetition.py,Care guides + Emergency cards,Hard,10
232,Meds & Vitals,Meds & Vitals — Lesson 9,Learn/apply: Medication checklist; vitals logging and alerts.,"Micro-lesson + practice: role-play/script, 2-minute log, or checklist.",habit_tracker.py,Care guides + Emergency cards,Easy,15
233,Meds & Vitals,Meds & Vitals — Lesson 10,Learn/apply: Medication checklist; vitals logging and alerts.,"Micro-lesson + practice: role-play/script, 2-minute log, or checklist.",symptom_tracker_flask.py,Care guides + Emergency cards,Medium,20
234,Meds & Vitals,Meds & Vitals — Lesson 11,Learn/apply: Medication checklist; vitals logging and alerts.,"Micro-lesson + practice: role-play/script, 2-minute log, or checklist.",sms_reminder.py,Care guides + Emergency cards,Medium,25
235,Hydration & Sodium,Hydration & Sodium — Lesson 1,"Learn/apply: Fluids 2–3L/day; sodium ≥4,000 mg/day tracker.","Micro-lesson + practice: role-play/script, 2-minute log, or checklist.",notion_sync_stub.py,"App plan (≥4,000 mg/day sodium)",Hard,5
236,Hydration & Sodium,Hydration & Sodium — Lesson 2,"Learn/apply: Fluids 2–3L/day; sodium ≥4,000 mg/day tracker.","Micro-lesson + practice: role-play/script, 2-minute log, or checklist.",google_sheets_export.py,"App plan (≥4,000 mg/day sodium)",Easy,10
237,Hydration & Sodium,Hydration & Sodium — Lesson 3,"Learn/apply: Fluids 2–3L/day; sodium ≥4,000 mg/day tracker.","Micro-lesson + practice: role-play/script, 2-minute log, or checklist.",progress_chart.py,"App plan (≥4,000 mg/day sodium)",Medium,15
238,Hydration & Sodium,Hydration & Sodium — Lesson 4,"Learn/apply: Fluids 2–3L/day; sodium ≥4,000 mg/day tracker.","Micro-lesson + practice: role-play/script, 2-minute log, or checklist.",telegram_bot.py,"App plan (≥4,000 mg/day sodium)",Medium,20
239,Hydration & Sodium,Hydration & Sodium — Lesson 5,"Learn/apply: Fluids 2–3L/day; sodium ≥4,000 mg/day tracker.","Micro-lesson + practice: role-play/script, 2-minute log, or checklist.",daily_digest.py,"App plan (≥4,000 mg/day sodium)",Hard,25
240,Hydration & Sodium,Hydration & Sodium — Lesson 6,"Learn/apply: Fluids 2–3L/day; sodium ≥4,000 mg/day tracker.","Micro-lesson + practice: role-play/script, 2-minute log, or checklist.",quiz_cli.py,"App plan (≥4,000 mg/day sodium)",Easy,5
241,Hydration & Sodium,Hydration & Sodium — Lesson 7,"Learn/apply: Fluids 2–3L/day; sodium ≥4,000 mg/day tracker.","Micro-lesson + practice: role-play/script, 2-minute log, or checklist.",spaced_repetition.py,"App plan (≥4,000 mg/day sodium)",Medium,10
242,Hydration & Sodium,Hydration & Sodium — Lesson 8,"Learn/apply: Fluids 2–3L/day; sodium ≥4,000 mg/day tracker.","Micro-lesson + practice: role-play/script, 2-minute log, or checklist.",habit_tracker.py,"App plan (≥4,000 mg/day sodium)",Medium,15
243,Hydration & Sodium,Hydration & Sodium — Lesson 9,"Learn/apply: Fluids 2–3L/day; sodium ≥4,000 mg/day tracker.","Micro-lesson + practice: role-play/script, 2-minute log, or checklist.",symptom_tracker_flask.py,"App plan (≥4,000 mg/day sodium)",Hard,20
244,Hydration & Sodium,Hydration & Sodium — Lesson 10,"Learn/apply: Fluids 2–3L/day; sodium ≥4,000 mg/day tracker.","Micro-lesson + practice: role-play/script, 2-minute log, or checklist.",sms_reminder.py,"App plan (≥4,000 mg/day sodium)",Easy,25
245,Hydration & Sodium,Hydration & Sodium — Lesson 11,"Learn/apply: Fluids 2–3L/day; sodium ≥4,000 mg/day tracker.","Micro-lesson + practice: role-play/script, 2-minute log, or checklist.",notion_sync_stub.py,"App plan (≥4,000 mg/day sodium)",Medium,5
246,PT & Mobility,PT & Mobility — Lesson 1,Learn/apply: Safe pacing of home PT exercises; logs.,"Micro-lesson + practice: role-play/script, 2-minute log, or checklist.",google_sheets_export.py,How to take care of Kol (PT),Medium,10
247,PT & Mobility,PT & Mobility — Lesson 2,Learn/apply: Safe pacing of home PT exercises; logs.,"Micro-lesson + practice: role-play/script, 2-minute log, or checklist.",progress_chart.py,How to take care of Kol (PT),Hard,15
248,PT & Mobility,PT & Mobility — Lesson 3,Learn/apply: Safe pacing of home PT exercises; logs.,"Micro-lesson + practice: role-play/script, 2-minute log, or checklist.",telegram_bot.py,How to take care of Kol (PT),Easy,20
249,PT & Mobility,PT & Mobility — Lesson 4,Learn/apply: Safe pacing of home PT exercises; logs.,"Micro-lesson + practice: role-play/script, 2-minute log, or checklist.",daily_digest.py,How to take care of Kol (PT),Medium,25
250,PT & Mobility,PT & Mobility — Lesson 5,Learn/apply: Safe pacing of home PT exercises; logs.,"Micro-lesson + practice: role-play/script, 2-minute log, or checklist.",quiz_cli.py,How to take care of Kol (PT),Medium,5
251,PT & Mobility,PT & Mobility — Lesson 6,Learn/apply: Safe pacing of home PT exercises; logs.,"Micro-lesson + practice: role-play/script, 2-minute log, or checklist.",spaced_repetition.py,How to take care of Kol (PT),Hard,10
252,PT & Mobility,PT & Mobility — Lesson 7,Learn/apply: Safe pacing of home PT exercises; logs.,"Micro-lesson + practice: role-play/script, 2-minute log, or checklist.",habit_tracker.py,How to take care of Kol (PT),Easy,15
253,PT & Mobility,PT & Mobility — Lesson 8,Learn/apply: Safe pacing of home PT exercises; logs.,"Micro-lesson + practice: role-play/script, 2-minute log, or checklist.",symptom_tracker_flask.py,How to take care of Kol (PT),Medium,20
254,PT & Mobility,PT & Mobility — Lesson 9,Learn/apply: Safe pacing of home PT exercises; logs.,"Micro-lesson + practice: role-play/script, 2-minute log, or checklist.",sms_reminder.py,How to take care of Kol (PT),Medium,25
255,PT & Mobility,PT & Mobility — Lesson 10,Learn/apply: Safe pacing of home PT exercises; logs.,"Micro-lesson + practice: role-play/script, 2-minute log, or checklist.",notion_sync_stub.py,How to take care of Kol (PT),Hard,5
256,PT & Mobility,PT & Mobility — Lesson 11,Learn/apply: Safe pacing of home PT exercises; logs.,"Micro-lesson + practice: role-play/script, 2-minute log, or checklist.",google_sheets_export.py,How to take care of Kol (PT),Easy,10
257,Sleep & Wind-Down,Sleep & Wind-Down — Lesson 1,Learn/apply: Spotify routine start at 10:30; sleep hygiene check.,"Micro-lesson + practice: role-play/script, 2-minute log, or checklist.",progress_chart.py,Project note: Spotify routine 10:30 nightly,Medium,15
258,Sleep & Wind-Down,Sleep & Wind-Down — Lesson 2,Learn/apply: Spotify routine start at 10:30; sleep hygiene check.,"Micro-lesson + practice: role-play/script, 2-minute log, or checklist.",telegram_bot.py,Project note: Spotify routine 10:30 nightly,Medium,20
259,Sleep & Wind-Down,Sleep & Wind-Down — Lesson 3,Learn/apply: Spotify routine start at 10:30; sleep hygiene check.,"Micro-lesson + practice: role-play/script, 2-minute log, or checklist.",daily_digest.py,Project note: Spotify routine 10:30 nightly,Hard,25
260,Sleep & Wind-Down,Sleep & Wind-Down — Lesson 4,Learn/apply: Spotify routine start at 10:30; sleep hygiene check.,"Micro-lesson + practice: role-play/script, 2-minute log, or checklist.",quiz_cli.py,Project note: Spotify routine 10:30 nightly,Easy,5
261,Sleep & Wind-Down,Sleep & Wind-Down — Lesson 5,Learn/apply: Spotify routine start at 10:30; sleep hygiene check.,"Micro-lesson + practice: role-play/script, 2-minute log, or checklist.",spaced_repetition.py,Project note: Spotify routine 10:30 nightly,Medium,10
262,Sleep & Wind-Down,Sleep & Wind-Down — Lesson 6,Learn/apply: Spotify routine start at 10:30; sleep hygiene check.,"Micro-lesson + practice: role-play/script, 2-minute log, or checklist.",habit_tracker.py,Project note: Spotify routine 10:30 nightly,Medium,15
263,Sleep & Wind-Down,Sleep & Wind-Down — Lesson 7,Learn/apply: Spotify routine start at 10:30; sleep hygiene check.,"Micro-lesson + practice: role-play/script, 2-minute log, or checklist.",symptom_tracker_flask.py,Project note: Spotify routine 10:30 nightly,Hard,20
264,Sleep & Wind-Down,Sleep & Wind-Down — Lesson 8,Learn/apply: Spotify routine start at 10:30; sleep hygiene check.,"Micro-lesson + practice: role-play/script, 2-minute log, or checklist.",sms_reminder.py,Project note: Spotify routine 10:30 nightly,Easy,25
265,Sleep & Wind-Down,Sleep & Wind-Down — Lesson 9,Learn/apply: Spotify routine start at 10:30; sleep hygiene check.,"Micro-lesson + practice: role-play/script, 2-minute log, or checklist.",notion_sync_stub.py,Project note: Spotify routine 10:30 nightly,Medium,5
266,Sleep & Wind-Down,Sleep & Wind-Down — Lesson 10,Learn/apply: Spotify routine start at 10:30; sleep hygiene check.,"Micro-lesson + practice: role-play/script, 2-minute log, or checklist.",google_sheets_export.py,Project note: Spotify routine 10:30 nightly,Medium,10
267,Sleep & Wind-Down,Sleep & Wind-Down — Lesson 11,Learn/apply: Spotify routine start at 10:30; sleep hygiene check.,"Micro-lesson + practice: role-play/script, 2-minute log, or checklist.",progress_chart.py,Project note: Spotify routine 10:30 nightly,Hard,15
268,Household & Pets,Household & Pets — Lesson 1,Learn/apply: Rotating low-stress chore list; two cats + one dog.,"Micro-lesson + practice: role-play/script, 2-minute log, or checklist.",telegram_bot.py,Care guides & rotating chores,Easy,20
269,Household & Pets,Household & Pets — Lesson 2,Learn/apply: Rotating low-stress chore list; two cats + one dog.,"Micro-lesson + practice: role-play/script, 2-minute log, or checklist.",daily_digest.py,Care guides & rotating chores,Medium,25
270,Household & Pets,Household & Pets — Lesson 3,Learn/apply: Rotating low-stress chore list; two cats + one dog.,"Micro-lesson + practice: role-play/script, 2-minute log, or checklist.",quiz_cli.py,Care guides & rotating chores,Medium,5
271,Household & Pets,Household & Pets — Lesson 4,Learn/apply: Rotating low-stress chore list; two cats + one dog.,"Micro-lesson + practice: role-play/script, 2-minute log, or checklist.",spaced_repetition.py,Care guides & rotating chores,Hard,10
272,Household & Pets,Household & Pets — Lesson 5,Learn/apply: Rotating low-stress chore list; two cats + one dog.,"Micro-lesson + practice: role-play/script, 2-minute log, or checklist.",habit_tracker.py,Care guides & rotating chores,Easy,15
273,Household & Pets,Household & Pets — Lesson 6,Learn/apply: Rotating low-stress chore list; two cats + one dog.,"Micro-lesson + practice: role-play/script, 2-minute log, or checklist.",symptom_tracker_flask.py,Care guides & rotating chores,Medium,20
274,Household & Pets,Household & Pets — Lesson 7,Learn/apply: Rotating low-stress chore list; two cats + one dog.,"Micro-lesson + practice: role-play/script, 2-minute log, or checklist.",sms_reminder.py,Care guides & rotating chores,Medium,25
275,Household & Pets,Household & Pets — Lesson 8,Learn/apply: Rotating low-stress chore list; two cats + one dog.,"Micro-lesson + practice: role-play/script, 2-minute log, or checklist.",notion_sync_stub.py,Care guides & rotating chores,Hard,5
276,Household & Pets,Household & Pets — Lesson 9,Learn/apply: Rotating low-stress chore list; two cats + one dog.,"Micro-lesson + practice: role-play/script, 2-minute log, or checklist.",google_sheets_export.py,Care guides & rotating chores,Easy,10
277,Household & Pets,Household & Pets — Lesson 10,Learn/apply: Rotating low-stress chore list; two cats + one dog.,"Micro-lesson + practice: role-play/script, 2-minute log, or checklist.",progress_chart.py,Care guides & rotating chores,Medium,15
278,Household & Pets,Household & Pets — Lesson 11,Learn/apply: Rotating low-stress chore list; two cats + one dog.,"Micro-lesson + practice: role-play/script, 2-minute log, or checklist.",telegram_bot.py,Care guides & rotating chores,Medium,20
279,Wardrobe & Outfits,Wardrobe & Outfits — Lesson 1,Learn/apply: Wardrobe DB + outfit planner with sensory-safe tags.,"Micro-lesson + practice: role-play/script, 2-minute log, or checklist.",daily_digest.py,App concept: Wardrobe/Outfits,Hard,25
280,Wardrobe & Outfits,Wardrobe & Outfits — Lesson 2,Learn/apply: Wardrobe DB + outfit planner with sensory-safe tags.,"Micro-lesson + practice: role-play/script, 2-minute log, or checklist.",quiz_cli.py,App concept: Wardrobe/Outfits,Easy,5
281,Wardrobe & Outfits,Wardrobe & Outfits — Lesson 3,Learn/apply: Wardrobe DB + outfit planner with sensory-safe tags.,"Micro-lesson + practice: role-play/script, 2-minute log, or checklist.",spaced_repetition.py,App concept: Wardrobe/Outfits,Medium,10
282,Wardrobe & Outfits,Wardrobe & Outfits — Lesson 4,Learn/apply: Wardrobe DB + outfit planner with sensory-safe tags.,"Micro-lesson + practice: role-play/script, 2-minute log, or checklist.",habit_tracker.py,App concept: Wardrobe/Outfits,Medium,15
283,Wardrobe & Outfits,Wardrobe & Outfits — Lesson 5,Learn/apply: Wardrobe DB + outfit planner with sensory-safe tags.,"Micro-lesson + practice: role-play/script, 2-minute log, or checklist.",symptom_tracker_flask.py,App concept: Wardrobe/Outfits,Hard,20
284,Wardrobe & Outfits,Wardrobe & Outfits — Lesson 6,Learn/apply: Wardrobe DB + outfit planner with sensory-safe tags.,"Micro-lesson + practice: role-play/script, 2-minute log, or checklist.",sms_reminder.py,App concept: Wardrobe/Outfits,Easy,25
285,Wardrobe & Outfits,Wardrobe & Outfits — Lesson 7,Learn/apply: Wardrobe DB + outfit planner with sensory-safe tags.,"Micro-lesson + practice: role-play/script, 2-minute log, or checklist.",notion_sync_stub.py,App concept: Wardrobe/Outfits,Medium,5
286,Wardrobe & Outfits,Wardrobe & Outfits — Lesson 8,Learn/apply: Wardrobe DB + outfit planner with sensory-safe tags.,"Micro-lesson + practice: role-play/script, 2-minute log, or checklist.",google_sheets_export.py,App concept: Wardrobe/Outfits,Medium,10
287,Wardrobe & Outfits,Wardrobe & Outfits — Lesson 9,Learn/apply: Wardrobe DB + outfit planner with sensory-safe tags.,"Micro-lesson + practice: role-play/script, 2-minute log, or checklist.",progress_chart.py,App concept: Wardrobe/Outfits,Hard,15
288,Wardrobe & Outfits,Wardrobe & Outfits — Lesson 10,Learn/apply: Wardrobe DB + outfit planner with sensory-safe tags.,"Micro-lesson + practice: role-play/script, 2-minute log, or checklist.",telegram_bot.py,App concept: Wardrobe/Outfits,Easy,20
289,Wardrobe & Outfits,Wardrobe & Outfits — Lesson 11,Learn/apply: Wardrobe DB + outfit planner with sensory-safe tags.,"Micro-lesson + practice: role-play/script, 2-minute log, or checklist.",daily_digest.py,App concept: Wardrobe/Outfits,Medium,25
290,Joy & Hobbies,Joy & Hobbies — Lesson 1,"Learn/apply: Anime/kdramas, games, crafts—low-spoon fun menu.","Micro-lesson + practice: role-play/script, 2-minute log, or checklist.",quiz_cli.py,Support handbooks (Joy & Fun sections),Medium,5
291,Joy & Hobbies,Joy & Hobbies — Lesson 2,"Learn/apply: Anime/kdramas, games, crafts—low-spoon fun menu.","Micro-lesson + practice: role-play/script, 2-minute log, or checklist.",spaced_repetition.py,Support handbooks (Joy & Fun sections),Hard,10
292,Joy & Hobbies,Joy & Hobbies — Lesson 3,"Learn/apply: Anime/kdramas, games, crafts—low-spoon fun menu.","Micro-lesson + practice: role-play/script, 2-minute log, or checklist.",habit_tracker.py,Support handbooks (Joy & Fun sections),Easy,15
293,Joy & Hobbies,Joy & Hobbies — Lesson 4,"Learn/apply: Anime/kdramas, games, crafts—low-spoon fun menu.","Micro-lesson + practice: role-play/script, 2-minute log, or checklist.",symptom_tracker_flask.py,Support handbooks (Joy & Fun sections),Medium,20
294,Joy & Hobbies,Joy & Hobbies — Lesson 5,"Learn/apply: Anime/kdramas, games, crafts—low-spoon fun menu.","Micro-lesson + practice: role-play/script, 2-minute log, or checklist.",sms_reminder.py,Support handbooks (Joy & Fun sections),Medium,25
295,Joy & Hobbies,Joy & Hobbies — Lesson 6,"Learn/apply: Anime/kdramas, games, crafts—low-spoon fun menu.","Micro-lesson + practice: role-play/script, 2-minute log, or checklist.",notion_sync_stub.py,Support handbooks (Joy & Fun sections),Hard,5
296,Joy & Hobbies,Joy & Hobbies — Lesson 7,"Learn/apply: Anime/kdramas, games, crafts—low-spoon fun menu.","Micro-lesson + practice: role-play/script, 2-minute log, or checklist.",google_sheets_export.py,Support handbooks (Joy & Fun sections),Easy,10
297,Joy & Hobbies,Joy & Hobbies — Lesson 8,"Learn/apply: Anime/kdramas, games, crafts—low-spoon fun menu.","Micro-lesson + practice: role-play/script, 2-minute log, or checklist.",progress_chart.py,Support handbooks (Joy & Fun sections),Medium,15
298,Joy & Hobbies,Joy & Hobbies — Lesson 9,"Learn/apply: Anime/kdramas, games, crafts—low-spoon fun menu.","Micro-lesson + practice: role-play/script, 2-minute log, or checklist.",telegram_bot.py,Support handbooks (Joy & Fun sections),Medium,20
299,Joy & Hobbies,Joy & Hobbies — Lesson 10,"Learn/apply: Anime/kdramas, games, crafts—low-spoon fun menu.","Micro-lesson + practice: role-play/script, 2-minute log, or checklist.",daily_digest.py,Support handbooks (Joy & Fun sections),Hard,25
300,Joy & Hobbies,Joy & Hobbies — Lesson 11,"Learn/apply: Anime/kdramas, games, crafts—low-spoon fun menu.","Micro-lesson + practice: role-play/script, 2-minute log, or checklist.",quiz_cli.py,Support handbooks (Joy & Fun sections),Easy,5
